1;1;PiS;LIPIŃSKI Adam;32303;7.98;T
1;2;PiS;WITEK Elżbieta Barbara;9666;2.39;T
1;3;PiS;MACHAŁEK Marzena Anna;11109;2.75;T
1;5;PiS;CYBULSKI Piotr;11835;2.93;T
1;1;PO;SCHETYNA Grzegorz;54345;13.43;T
1;2;PO;DROZD Ewa;19908;4.92;T
1;3;PO;ZAWIŁA Marcin Edward;14133;3.49;T
1;4;PO;WOJNAROWSKI Norbert;15439;3.82;T
1;5;PO;BRODNIAK Roman;10191;2.52;T
1;6;PO;MIKULICZ Janusz;8291;2.05;T
1;1;SLD;SZMAJDZIŃSKI Jerzy Andrzej;42724;10.56;T
1;2;SLD;ZBRZYZNY Ryszard;11049;2.73;T
2;1;PiS;WIĄZOWSKI Waldemar Bogdan;20911;7.71;T
2;4;PiS;ZALEWSKA Anna Elżbieta;10584;3.90;T
2;1;PO;CHLEBOWSKI Zbigniew;56533;20.84;T
2;2;PO;MRZYGŁOCKA Izabela Katarzyna;18523;6.83;T
2;3;PO;SZULC Jakub Maciej;12310;4.54;T
2;4;PO;SMOLARZ Tomasz;8208;3.03;T
2;6;PO;WIELICHOWSKA Monika;5877;2.17;T
2;2;SLD;GOŁĘBIEWSKI Henryk;10664;3.93;T
3;1;PiS;UJAZDOWSKI Kazimierz Michał;73416;13.20;T
3;2;PiS;NATALLI-ŚWIAT Aleksandra Krystyna;21999;3.96;T
3;3;PiS;JACKIEWICZ Dawid Bohdan;14653;2.63;T
3;4;PiS;KEMPA Beata Agnieszka;10228;1.84;T
3;1;PO;ZDROJEWSKI Bogdan;213883;38.46;T
3;2;PO;ŁOŚ Andrzej Antoni;6064;1.09;T
3;3;PO;PIECHOTA Sławomir Jan;13345;2.40;T
3;4;PO;WOLAK Ewa Wanda;7686;1.38;T
3;5;PO;MŁYŃCZAK Aldona;5420;0.97;T
3;6;PO;SKORUPA Aleksander Marek;4851;0.87;T
3;7;PO;HUSKOWSKI Stanisław;9584;1.72;T
3;8;PO;RABA Norbert Łukasz;4306;0.77;T
3;17;PO;JAROS Michał;4740;0.85;T
3;1;SLD;KRASOŃ Janusz;21490;3.86;T
4;1;PiS;MOJZESOWICZ Wojciech;37634;8.98;T
4;2;PiS;LATOS Tomasz Edward;17751;4.24;T
4;3;PiS;WALKOWIAK Andrzej;8127;1.94;T
4;1;PO;SIKORSKI Radosław Tomasz;117291;28.00;T
4;2;PO;OLSZEWSKI Paweł Bartosz;8633;2.06;T
4;3;PO;PIOTROWSKA Teresa;12558;3.00;T
4;4;PO;KATULSKI Jarosław Paweł;7514;1.79;T
4;5;PO;ROSZAK Grzegorz Michał;6217;1.48;T
4;24;PO;BREJZA Krzysztof;6441;1.54;T
4;1;PSL;KŁOPOTEK Eugeniusz;12975;3.10;T
4;1;SLD;ZEMKE Janusz Władysław;42347;10.11;T
4;2;SLD;BAŃKOWSKA Anna Danuta;7227;1.73;T
5;1;PiS;ZBONIKOWSKI Łukasz;28830;7.34;T
5;2;PiS;GIRZYŃSKI Zbigniew;22159;5.64;T
5;3;PiS;SOBECKA Anna Elżbieta;15180;3.87;T
5;4;PiS;DRAB Marzenna Stefania;7396;1.88;T
5;1;PO;MĘŻYDŁO Antoni;42052;10.71;T
5;2;PO;LENZ Tomasz;34545;8.80;T
5;3;PO;KOPACZEWSKA Domicela Katarzyna;18320;4.66;T
5;4;PO;DZIĘCIOŁ Janusz;19807;5.04;T
5;5;PO;KARPIŃSKI Grzegorz;5054;1.29;T
5;6;PO;WOJTKOWSKI Marek;5353;1.36;T
5;1;PSL;KIERZKOWSKA Ewa Sławomira;7561;1.93;T
5;1;SLD;FILAR Marian;21892;5.57;T
5;4;SLD;WENDERLICH Jerzy;11825;3.01;T
6;1;PiS;KRUK Elżbieta Małgorzata;53474;10.66;T
6;2;PiS;MICHAŁKIEWICZ Krzysztof Stefan;11250;2.24;T
6;3;PiS;SADURSKA Małgorzata Barbara;21420;4.27;T
6;4;PiS;ŻACZEK Jarosław;15040;3.00;T
6;5;PiS;MASŁOWSKA Gabriela;18743;3.74;T
6;8;PiS;STAWIARSKI Jarosław Piotr;11949;2.38;T
6;9;PiS;SPRAWKA Lech Stanisław;11929;2.38;T
6;1;PO;PALIKOT Janusz;44186;8.81;T
6;2;PO;KARPIŃSKI Włodzimierz Witold;16873;3.36;T
6;3;PO;WILK Wojciech;9079;1.81;T
6;4;PO;MUCHA Joanna;21028;4.19;T
6;8;PO;GĄSIOR-MAREK Magdalena Ewa;16114;3.21;T
6;1;PSL;WOJTAS Edward;8375;1.67;T
6;2;PSL;ŁOPATA Jan;9128;1.82;T
6;2;SLD;SIERAKOWSKA Izabella Antonina;24870;4.96;T
7;1;PiS;DUDZIŃSKI Tomasz Mirosław;21692;6.17;T
7;3;PiS;MAZUREK Beata;15821;4.50;T
7;4;PiS;ZAWIŚLAK Sławomir;16064;4.57;T
7;5;PiS;ABRAMOWICZ Adam Krzysztof;11970;3.41;T
7;9;PiS;ŻUKOWSKI Wojciech Sławomir;16196;4.61;T
7;11;PiS;RĘBEK Jerzy;7243;2.06;T
7;1;PO;ŻMIJAN Stanisław;17606;5.01;T
7;2;PO;RANIEWICZ Grzegorz Artur;9912;2.82;T
7;4;PO;GRAD Mariusz;9766;2.78;T
7;1;PSL;STEFANIUK Franciszek Jerzy;13271;3.78;T
7;2;PSL;SŁAWECKI Tadeusz;6590;1.87;T
7;2;SLD;MATUSZCZAK Zbigniew;10351;2.94;T
8;1;PiS;AST Marek;21184;5.37;T
8;2;PiS;RAFALSKA Elżbieta;16922;4.29;T
8;3;PiS;MATERNA Jerzy;14597;3.70;T
8;1;PO;NIESIOŁOWSKI Stefan;69385;17.60;T
8;2;PO;BUKIEWICZ Bożenna;28420;7.21;T
8;3;PO;PAHL Witold;14135;3.59;T
8;4;PO;BOJKO Bogdan;12205;3.10;T
8;7;PO;SŁAWIAK Bożena Maria;8942;2.27;T
8;13;PO;CEBULA Marek;5734;1.45;T
8;1;PSL;ZYCH Józef;18631;4.73;T
8;1;SLD;KOCHANOWSKI Jan;17824;4.52;T
8;3;SLD;WONTOR Bogusław Tadeusz;11658;2.96;T
9;1;PiS;KLUZIK-ROSTKOWSKA Joanna;41171;9.74;T
9;2;PiS;KRZYWICKI Piotr;14064;3.33;T
9;3;PiS;JAGIEŁŁO Jarosław;24428;5.78;T
9;1;PO;DRZEWIECKI Mirosław Michał;44404;10.50;T
9;2;PO;ŚLEDZIŃSKA-KATARASIŃSKA Iwona Elżbieta;28516;6.75;T
9;3;PO;GRABARCZYK Cezary Stanisław;44610;10.55;T
9;4;PO;SKRZYDLEWSKA Joanna Katarzyna;33835;8.00;T
9;5;PO;ZDANOWSKA Hanna Elżbieta;11506;2.72;T
9;1;SLD;OLEJNICZAK Wojciech Michał;51865;12.27;T
9;5;SLD;JANOWSKA Zdzisława;5430;1.28;T
10;1;PiS;MACIEREWICZ Antoni;40055;13.72;T
10;2;PiS;SELIGA Dariusz Michał;14393;4.93;T
10;3;PiS;MACIEJEWSKI Krzysztof;10837;3.71;T
10;14;PiS;TELUS Robert;8748;3.00;T
10;1;PO;RADZISZEWSKA Elżbieta;33480;11.47;T
10;2;PO;KULA Włodzimierz Stanisław;9858;3.38;T
10;4;PO;ZACHAREWICZ Jacek Paweł;9579;3.28;T
10;1;PSL;WITASZCZYK Stanisław;8570;2.94;T
10;1;SLD;OSTROWSKI Artur;13112;4.49;T
11;1;PiS;ZALEWSKI Paweł Ksawery;35524;9.29;T
11;2;PiS;MATUSZEWSKI Marek;12777;3.34;T
11;3;PiS;WOŹNIAK Tadeusz Jacek;13904;3.64;T
11;6;PiS;GRABICKA Krystyna;9988;2.61;T
11;7;PiS;POLAK Piotr Stanisław;6747;1.76;T
11;1;PO;BIERNAT Andrzej;36278;9.49;T
11;2;PO;HANAJCZYK Agnieszka;15050;3.94;T
11;3;PO;TOMCZYK Cezary;8169;2.14;T
11;24;PO;DUNIN Artur Jerzy;7868;2.06;T
11;1;PSL;OLAS Stanisław;8314;2.17;T
11;2;PSL;ŁUCZAK Mieczysław Marcin;9176;2.40;T
11;1;SLD;BŁOCHOWIAK Anita;22698;5.94;T
12;1;PiS;KOWAL Paweł Robert;26184;9.78;T
12;2;PiS;SZYDŁO Beata;20486;7.65;T
12;3;PiS;ŁATAS Marek;16169;6.04;T
12;4;PiS;POLAK Marek Władysław;12549;4.69;T
12;1;PO;GRAŚ Paweł;35779;13.37;T
12;2;PO;CHWIERUT Janusz;10542;3.94;T
12;6;PO;ARKIT Tadeusz;9836;3.67;T
12;1;SLD;RYDZOŃ Stanisław;11110;4.15;T
13;1;PiS;ZIOBRO Zbigniew;164681;29.33;T
13;2;PiS;WASSERMANN Zbigniew Franciszek;6478;1.15;T
13;3;PiS;TERLECKI Ryszard;4246;0.76;T
13;4;PiS;ADAMCZYK Andrzej;3421;0.61;T
13;25;PiS;OSUCH Jacek Piotr;2458;0.44;T
13;1;PO;GOWIN Jarosław;160465;28.58;T
13;2;PO;MATUSIK-LIPIEC Katarzyna;15130;2.70;T
13;3;PO;RAŚ Ireneusz;15808;2.82;T
13;4;PO;FEDOROWICZ Jerzy Feliks;15649;2.79;T
13;6;PO;KRUPA Jacek;7293;1.30;T
13;8;PO;RYSZKA Andrzej;7292;1.30;T
13;12;PO;GIBAŁA Łukasz;11413;2.03;T
13;1;SLD;WIDACKI Jan Stefan;24963;4.45;T
14;1;PiS;MULARCZYK Arkadiusz;47929;16.09;T
14;2;PiS;PALUCH Anna;14972;5.03;T
14;3;PiS;SIARKA Edward;15697;5.27;T
14;7;PiS;BARTUŚ Barbara Halina;10856;3.64;T
14;8;PiS;JANCZYK Wiesław Stanisław;10696;3.59;T
14;1;PO;CZERWIŃSKI Andrzej;24708;8.29;T
14;3;PO;GUT-MOSTOWY Andrzej;16009;5.37;T
14;5;PO;KOCHAN Witold;8515;2.86;T
14;1;PSL;DUTKA Bronisław;8764;2.94;T
15;1;PiS;MARIANOWSKA Barbara;21654;7.70;T
15;2;PiS;CZESAK Edward;17944;6.38;T
15;3;PiS;WOJTKIEWICZ Michał Jan;13396;4.76;T
15;4;PiS;PILCH Jacek;11736;4.17;T
15;5;PiS;ROJEK Józef;11901;4.23;T
15;1;PO;GRAD Aleksander;29842;10.61;T
15;2;PO;AUGUSTYN Urszula;10480;3.73;T
15;5;PO;MUSIAŁ Jan;7705;2.74;T
15;1;PSL;WODA Wiesław;13365;4.75;T
16;1;PiS;JASIŃSKI Wojciech Stefan;30702;10.00;T
16;2;PiS;OPIOŁA Marek;14709;4.79;T
16;3;PiS;KOŁAKOWSKI Robert Jerzy;9213;3.00;T
16;6;PiS;KACZANOWSKI Dariusz;6205;2.02;T
16;1;PO;PITERA Julia Teresa;42669;13.90;T
16;2;PO;KOŹLAKIEWICZ Mirosław;10770;3.51;T
16;3;PO;NOWAKOWSKI Andrzej Jacek;11608;3.78;T
16;1;PSL;PAWLAK Waldemar;24638;8.03;T
16;2;PSL;STRUZIK Adam Krzysztof;9397;3.06;T
16;1;SLD;SZYMANEK-DERESZ Jolanta Dorota;20536;6.69;T
17;1;PiS;SUSKI Marek;29497;10.36;T
17;2;PiS;WRÓBEL Marzena Dorota;13159;4.62;T
17;5;PiS;BĄK Dariusz;16012;5.62;T
17;7;PiS;SOŃTA Krzysztof Jan;10013;3.52;T
17;1;PO;KOPACZ Ewa Bożena;39155;13.75;T
17;2;PO;WITKOWSKI Radosław;8229;2.89;T
17;3;PO;CZECHYRA Czesław Jan;6871;2.41;T
17;2;PSL;MALISZEWSKI Mirosław Wojciech;11614;4.08;T
17;1;SLD;WIKIŃSKI Marek Michał;12297;4.32;T
18;1;PiS;JAKUBIAK Elżbieta Renata;33509;9.10;T
18;2;PiS;TCHÓRZEWSKI Krzysztof Józef;22413;6.09;T
18;3;PiS;CZARTORYSKI Arkadiusz;22030;5.98;T
18;4;PiS;KOWALCZYK Henryk;13600;3.69;T
18;5;PiS;KOWALSKI Bogusław;7259;1.97;T
18;7;PiS;WARGOCKA Teresa Anna;6787;1.84;T
18;1;PO;MROCZEK Czesław;33207;9.02;T
18;2;PO;KOZACZYŃSKI Jacek;8989;2.44;T
18;3;PO;KANIA Andrzej;10554;2.87;T
18;1;PSL;KALINOWSKI Jarosław;25406;6.90;T
18;2;PSL;SAWICKI Marek Wacław;10995;2.99;T
18;1;SLD;PRZĄDKA Stanisława Alicja;12099;3.29;T
19;1;PiS;KACZYŃSKI Jarosław Aleksander;273684;23.88;T
19;2;PiS;ROKITA-ARNOLD Nelli;6367;0.56;T
19;4;PiS;OŁDAKOWSKI Jan Łukasz;3106;0.27;T
19;5;PiS;KARSKI Karol;3524;0.31;T
19;6;PiS;PONCYLJUSZ Paweł Janusz;4647;0.41;T
19;8;PiS;GÓRSKI Artur;3070;0.27;T
19;1;PO;TUSK Donald Franciszek;534241;46.62;T
19;2;PO;KIDAWA-BŁOŃSKA Małgorzata Maria;13057;1.14;T
19;3;PO;HALICKI Andrzej Witold;3369;0.29;T
19;4;PO;FABISIAK Joanna;7552;0.66;T
19;5;PO;HIBNER Jolanta Emilia;6816;0.59;T
19;6;PO;CZUMA Andrzej;4344;0.38;T
19;10;PO;KOSECKI Roman Jacek;6847;0.60;T
19;16;PO;TYSZKIEWICZ Krzysztof Adam;3330;0.29;T
19;17;PO;DĄBROWSKA Alicja;2885;0.25;T
19;21;PO;ROSS Tadeusz Edward;2712;0.24;T
19;26;PO;SZCZERBA Michał Roch;2372;0.21;T
19;1;SLD;BOROWSKI Marek Stefan;75493;6.59;T
19;2;SLD;KALISZ Ryszard Roman;37623;3.28;T
20;1;PiS;DORN Ludwik Stanisław;81696;17.74;T
20;2;PiS;BŁASZCZAK Mariusz;10061;2.18;T
20;3;PiS;SZYSZKO Jan Feliks;15623;3.39;T
20;22;PiS;SIKORA Anna;9264;2.01;T
20;1;PO;KOMOROWSKI Bronisław Maria;139320;30.25;T
20;2;PO;SMIRNOW Andrzej;10546;2.29;T
20;3;PO;ZAKRZEWSKA Jadwiga Teresa;7593;1.65;T
20;4;PO;OLECHOWSKA Alicja Danuta;6461;1.40;T
20;19;PO;DURKA Zenon;7761;1.69;T
20;1;PSL;PIECHOCIŃSKI Janusz;13259;2.88;T
20;1;SLD;BALICKI Marek Zbigniew;19034;4.13;T
21;1;PiS;DĄBKOWSKA-CICHOCKA Lena;18394;4.99;T
21;2;PiS;KŁOSOWSKI Sławomir;13357;3.62;T
21;13;PiS;RELIGA Jan Andrzej;9093;2.47;T
21;1;PO;KORZENIOWSKI Leszek Sylwester;35912;9.74;T
21;2;PO;JAZŁOWIECKA Danuta;24859;6.75;T
21;3;PO;JARMUZIEWICZ Tadeusz;18447;5.01;T
21;4;PO;WĘGRZYN Robert;10132;2.75;T
21;6;PO;KRUPA Adam;8122;2.20;T
21;8;PO;BUŁA Andrzej;6301;1.71;T
21;22;PO;TUSK Łukasz Maciej;20931;5.68;T
21;1;PSL;RAKOCZY Stanisław;7146;1.94;T
21;2;Komitet Wyborczy Wyborców "Mniejszość Niemiecka";GALLA Ryszard;8193;2.22;T
21;1;SLD;GARBOWSKI Tomasz;13651;3.70;T
22;1;PiS;KUCHCIŃSKI Marek Tadeusz;35060;10.62;T
22;2;PiS;ZAJĄC Stanisław;32962;9.98;T
22;3;PiS;ĆWIERZ Andrzej Bogusław;6903;2.09;T
22;4;PiS;GOLBA Mieczysław Józef;12044;3.65;T
22;6;PiS;BABINETZ Piotr Mieczysław;8403;2.54;T
22;20;PiS;BURY Jan;6652;2.01;T
22;1;PO;ŁUKACIJEWSKA Elżbieta Katarzyna;25011;7.57;T
22;2;PO;KULESZA Tomasz Jerzy;9296;2.82;T
22;13;PO;TOMAŃSKI Piotr;11578;3.51;T
22;1;PSL;KASPRZAK Mieczysław;10331;3.13;T
22;1;SLD;POMAJDA Wojciech Tadeusz;11015;3.34;T
23;1;PiS;GĘSICKA Grażyna;28982;5.90;T
23;2;PiS;OŻÓG Stanisław;38687;7.87;T
23;4;PiS;SZLACHTA Andrzej;16319;3.32;T
23;5;PiS;CHMIELOWIEC Zbigniew Michał;17243;3.51;T
23;6;PiS;MOSKAL Kazimierz Marian;21612;4.40;T
23;7;PiS;GOŁOJUCH Kazimierz Edward;12781;2.60;T
23;11;PiS;POPIOŁEK Krzysztof Andrzej;13467;2.74;T
23;30;PiS;BŁĄDEK Antoni;10642;2.17;T
23;1;PO;RYNASIEWICZ Zbigniew Franciszek;28690;5.84;T
23;2;PO;SKOWROŃSKA Krystyna;33557;6.83;T
23;3;PO;TOMAKA Jan Walenty;11713;2.38;T
23;7;PO;BUTRYN Renata Celina;10940;2.23;T
23;1;PSL;BURY Jan;21426;4.36;T
23;2;PSL;DEPTUŁA Leszek Roman;6688;1.36;T
23;1;SLD;KAMIŃSKI Tomasz;15200;3.09;T
24;1;PiS;PUTRA Krzysztof Jakub;53651;11.63;T
24;2;PiS;JURGIEL Krzysztof;28212;6.12;T
24;3;PiS;ZIELIŃSKI Jarosław;21830;4.73;T
24;4;PiS;KOŁAKOWSKI Lech Antoni;10457;2.27;T
24;5;PiS;BOGUCKI Jacek;13236;2.87;T
24;6;PiS;GWIAZDOWSKI Kazimierz;7545;1.64;T
24;7;PiS;KAMIŃSKI Mariusz;11823;2.56;T
24;1;PO;TYSZKIEWICZ Robert;30971;6.72;T
24;2;PO;CIEŚLIK Leszek Stanisław;9564;2.07;T
24;5;PO;KLIM Józef Piotr;9938;2.15;T
24;15;PO;ŻALEK Jacek;9560;2.07;T
24;30;PO;RACZKOWSKI Damian;15762;3.42;T
24;1;PSL;KAMIŃSKI Jan;11798;2.56;T
24;1;SLD;MATWIEJUK Jarosław;20770;4.50;T
24;6;SLD;CZYKWIN Eugeniusz;14234;3.09;T
25;1;PiS;PŁAŻYŃSKI Maciej;58318;12.34;T
25;2;PiS;KURSKI Jacek Olgierd;23585;4.99;T
25;3;PiS;CYMAŃSKI Tadeusz;17726;3.75;T
25;1;PO;NOWAK Sławomir Ryszard;65993;13.97;T
25;2;PO;ZIELIŃSKA-GŁĘBOCKA Anna Maria;19268;4.08;T
25;3;PO;RYBICKI Arkadiusz Czesław;13968;2.96;T
25;4;PO;KOZDROŃ Jerzy;10671;2.26;T
25;6;PO;NEUMANN Sławomir Arkadiusz;11742;2.49;T
25;14;PO;KULAS Jan Edward;9607;2.03;T
25;23;PO;GUZOWSKA Iwona Kamila;9534;2.02;T
25;24;PO;WAŁĘSA Jarosław Leszek;61278;12.97;T
25;1;SLD;LIS Bogdan Jerzy;12468;2.64;T
26;1;PiS;SZCZYPIŃSKA Jolanta Irena;47996;9.53;T
26;2;PiS;SELLIN Jarosław Daniel;18167;3.61;T
26;3;PiS;KOZAK Zbigniew Ryszard;9608;1.91;T
26;6;PiS;STANKE Piotr Jerzy;8824;1.75;T
26;1;PO;BIERNACKI Marek;84157;16.71;T
26;2;PO;AZIEWICZ Tadeusz;17275;3.43;T
26;3;PO;PLOCKE Kazimierz Florian;15763;3.13;T
26;4;PO;BUDNIK Jerzy Feliks;12893;2.56;T
26;5;PO;KONWIŃSKI Zbigniew Marek;19553;3.88;T
26;8;PO;LAMCZYK Stanisław Józef;10155;2.02;T
26;9;PO;NAMYŚLAK Witold Tadeusz;9441;1.87;T
26;28;PO;CZUCHA Zdzisław Józef;10560;2.10;T
26;1;SLD;SENYSZYN Joanna;25193;5.00;T
26;2;SLD;JARUGA-NOWACKA Izabela Walentyna;14827;2.94;T
27;1;PiS;SZWED Stanisław;42604;12.36;T
27;2;PiS;FALFUS Jacek Eugeniusz;18814;5.46;T
27;3;PiS;MATUSZNY Kazimierz Władysław;13379;3.88;T
27;4;PiS;PIĘTA Stanisław Jan;10996;3.19;T
27;1;PO;TOMCZYKIEWICZ Tomasz Kazimierz;41035;11.90;T
27;2;PO;NYKIEL Mirosława;33180;9.62;T
27;3;PO;KOPEĆ Tadeusz Wiktor;16325;4.74;T
27;4;PO;WYKRĘT Adam;10180;2.95;T
27;1;SLD;KOTKOWSKA Bożena Teresa;15234;4.42;T
28;1;PiS;GIŻYŃSKI Szymon Stanisław;28531;11.16;T
28;2;PiS;WIŚNIEWSKA Jadwiga Maria;20814;8.14;T
28;3;PiS;KARASIEWICZ Lucjan Dominik;10938;4.28;T
28;1;PO;ROZPONDEK Halina Leokadia;42951;16.80;T
28;3;PO;SZTOLCMAN Grzegorz Czesław;12701;4.97;T
28;4;PO;LESZCZYNA Izabela Dorota;11617;4.54;T
28;1;SLD;MATYJASZCZYK Krzysztof Adam;16432;6.43;T
29;1;PiS;RELIGA Zbigniew Eugeniusz;62228;18.89;T
29;2;PiS;SZARAMA Wojciech Piotr;7645;2.32;T
29;4;PiS;CHŁOPEK Aleksander Antoni;5762;1.75;T
29;1;PO;GAŁAŻEWSKI Andrzej Józef;33766;10.25;T
29;2;PO;SZUMILAS Krystyna Maria;27100;8.23;T
29;3;PO;SEKUŁA Mirosław;22261;6.76;T
29;4;PO;GŁOGOWSKI Tomasz Marian;20744;6.30;T
29;5;PO;BRZEZINKA Jacek Piotr;9127;2.77;T
29;7;PO;KAŹMIERCZAK Jan Piotr;7641;2.32;T
29;1;SLD;MARTYNIUK Wacław Andrzej;16125;4.90;T
30;1;PiS;PIECHA Bolesław Grzegorz;44052;14.54;T
30;2;PiS;JANIK Grzegorz Piotr;7570;2.50;T
30;3;PiS;KLOC Izabela Helena;14077;4.65;T
30;9;PiS;GAWĘDA Adam;7757;2.56;T
30;1;PO;SIEDLACZEK Henryk Piotr;35124;11.60;T
30;2;PO;GADOWSKI Krzysztof Jan;18003;5.94;T
30;5;PO;KRZĄKAŁA Marek Grzegorz;15469;5.11;T
30;7;PO;ZAWADZKI Ryszard Józef;11113;3.67;T
30;1;SLD;MOTOWIDŁO Tadeusz;17087;5.64;T
31;1;PiS;POLACZEK Jerzy Jan;56018;12.03;T
31;2;PiS;SOŚNIERZ Andrzej Stanisław;27758;5.96;T
31;3;PiS;NOWAK Maria Teresa;9718;2.09;T
31;5;PiS;TOBISZOWSKI Grzegorz Józef;13984;3.00;T
31;1;PO;KUTZ Kazimierz Julian;113280;24.34;T
31;2;PO;PIETRASZEWSKA Danuta Róża;22790;4.90;T
31;3;PO;ZIĘTEK Jerzy;11886;2.55;T
31;4;PO;RZYMEŁKA Jan Antoni;8958;1.92;T
31;5;PO;WÓJCIK Marek Krzysztof;8870;1.91;T
31;7;PO;PIERZCHAŁA Elżbieta Apolonia;8553;1.84;T
31;10;PO;PLURA Marek Mirosław;10528;2.26;T
31;1;SLD;CELIŃSKI Andrzej Bohdan;20338;4.37;T
32;1;PiS;MALIK Ewa;32231;9.89;T
32;2;PiS;ANDZEL Waldemar Franciszek;10121;3.11;T
32;1;PO;DOLNIAK Grzegorz Maciej;38444;11.80;T
32;2;PO;SAŁUGA Wojciech Paweł;22275;6.84;T
32;3;PO;MAŁECKA-LIBERA Beata Maria;20877;6.41;T
32;4;PO;VAN DER COGHEN Piotr Artur;28657;8.80;T
32;5;PO;PIĘTA Jarosław;8238;2.53;T
32;1;SLD;KLEPACZ Witold Janusz;24589;7.55;T
32;2;SLD;PISALSKI Grzegorz Ottokar;7342;2.25;T
33;1;PiS;GOSIEWSKI Przemysław Edgar;138405;28.68;T
33;3;PiS;ZUBA Maria;3492;0.72;T
33;4;PiS;RUSIECKI Jarosław;4637;0.96;T
33;5;PiS;LIPIEC Krzysztof Bogdan;4525;0.94;T
33;7;PiS;BĘTKOWSKI Andrzej Krzysztof;3112;0.64;T
33;9;PiS;KWITEK Marek;2653;0.55;T
33;28;PiS;WRONA Waldemar Krzysztof;2568;0.53;T
33;1;PO;MIODOWICZ Konstanty;33229;6.89;T
33;2;PO;GRZEGOREK Krzysztof Józef;18874;3.91;T
33;3;PO;PACELT Zbigniew;8455;1.75;T
33;5;PO;GIERADA Artur Daniel;10355;2.15;T
33;10;PO;OKŁA - DREWNOWICZ Marzena;7151;1.48;T
33;1;PSL;PAWLAK Mirosław Antoni;14006;2.90;T
33;2;PSL;PAŁYS Andrzej Józef;7654;1.59;T
33;1;SLD;KOPYCIŃSKI Sławomir Piotr;8778;1.82;T
33;4;SLD;MILCARZ Henryk Mieczysław;7960;1.65;T
34;1;PiS;KRASULSKI Leonard Seweryn;17184;7.45;T
34;5;PiS;BABALSKI Zbigniew;6580;2.85;T
34;1;PO;LISEK Krzysztof;25548;11.08;T
34;2;PO;NAGUSZEWSKI Tadeusz;15577;6.76;T
34;4;PO;ŻYLIŃSKI Adam Jacek;11835;5.13;T
34;6;PO;SYCZ Miron;9075;3.94;T
34;1;PSL;ŻELICHOWSKI Stanisław;6437;2.79;T
34;2;SLD;GINTOWT-DZIEWAŁTOWSKI Witold Józef;9875;4.28;T
35;1;PiS;SZCZYGŁO Aleksander Marek;29592;9.89;T
35;2;PiS;ARENT Iwona Ewa;7187;2.40;T
35;3;PiS;GOSIEWSKI Jerzy Antoni;9244;3.09;T
35;1;PO;RYBICKI Sławomir Piotr;30218;10.10;T
35;3;PO;BUBLEWICZ Beata Maria;19470;6.51;T
35;4;PO;ORZECHOWSKI Andrzej;10052;3.36;T
35;6;PO;CICHOŃ Janusz Władysław;9521;3.18;T
35;20;PO;STAROŃ Lidia Ewa;15514;5.18;T
35;1;PSL;KRZYŚKÓW Adam;6258;2.09;T
35;1;SLD;IWIŃSKI Tadeusz;18408;6.15;T
36;1;PiS;DZIEDZICZAK Jan Michał;24809;6.42;T
36;2;PiS;ROGACKI Adam Maksym;17206;4.45;T
36;3;PiS;DERA Andrzej Mikołaj;13190;3.42;T
36;1;PO;GRUPIŃSKI Rafał Szymon;26944;6.98;T
36;2;PO;ZIEMNIAK Wojciech Stanisław;26623;6.89;T
36;3;PO;URBANIAK Jarosław;19788;5.12;T
36;4;PO;ORZECHOWSKI Maciej Bolesław;14940;3.87;T
36;6;PO;SITARZ Witold Jan;11328;2.93;T
36;1;PSL;GRZYB Andrzej Marian;15640;4.05;T
36;2;PSL;RACKI Józef;4833;1.25;T
36;1;SLD;ALEKSANDRZAK Leszek Grzegorz;16508;4.27;T
36;2;SLD;SZCZEPAŃSKI Wiesław Andrzej;10579;2.74;T
37;1;PiS;CZARNECKI Witold;18137;6.09;T
37;2;PiS;HOFMAN Adam;15824;5.32;T
37;3;PiS;DOLATA Zbigniew;13763;4.62;T
37;1;PO;NOWAK Tomasz Piotr;28279;9.50;T
37;2;PO;ARNDT Paweł;17394;5.84;T
37;3;PO;TOMASZAK-ZESIUK Irena Barbara;9741;3.27;T
37;1;PSL;GRZESZCZAK Eugeniusz Tomasz;13189;4.43;T
37;1;SLD;TOMASZEWSKI Tadeusz;23755;7.98;T
37;2;SLD;STREKER-DEMBIŃSKA Elżbieta;6070;2.04;T
38;1;PiS;KRACZKOWSKI Maks;11756;3.94;T
38;6;PiS;GÓRSKI Tomasz;18072;6.05;T
38;1;PO;SZEJNFELD Adam Stanisław;57343;19.21;T
38;2;PO;RUTNICKI Jakub Adam;18590;6.23;T
38;3;PO;CHMIELEWSKI Stanisław Marcin;8102;2.71;T
38;4;PO;WAŚKO Piotr Roman;6260;2.10;T
38;1;PSL;KALEMBA Stanisław;13295;4.45;T
38;1;SLD;AJCHLER Romuald Kazimierz;13725;4.60;T
38;2;SLD;STEC Stanisław;10908;3.65;T
39;1;PiS;GILOWSKA Zyta, Janina;54307;12.13;T
39;4;PiS;TOMCZAK Jacek, Jerzy;14323;3.20;T
39;1;PO;DZIKOWSKI Waldy;110467;24.68;T
39;2;PO;LIPIŃSKI Dariusz;20695;4.62;T
39;3;PO;KOZŁOWSKA-RAJEWICZ Agnieszka;17040;3.81;T
39;4;PO;STULIGROSZ Michał;24513;5.48;T
39;5;PO;FIEDLER Arkady;25585;5.72;T
39;6;PO;SZYDŁOWSKA Bożena;12309;2.75;T
39;7;PO;ZIELIŃSKI Marek;10207;2.28;T
39;3;SLD;ŁYBACKA Krystyna Maria;24405;5.45;T
40;1;PiS;HOC Czesław;18309;7.43;T
40;2;PiS;GOLIŃSKI Marian Tomasz;8352;3.39;T
40;1;PO;GAWŁOWSKI Stanisław;24597;9.98;T
40;2;PO;KARPINIUK Sebastian Marek;25827;10.48;T
40;3;PO;OLEJNICZAK Danuta Maria;11631;4.72;T
40;5;PO;SUSKI Paweł;7451;3.02;T
40;6;PO;KURIATA Jan;7363;2.99;T
40;1;SLD;WZIĄTEK Stanisław Czesław;12566;5.10;T
41;1;PiS;BRUDZIŃSKI Joachim Stanisław;33237;7.57;T
41;2;PiS;KOMOŁOWSKI Longin;10223;2.33;T
41;5;PiS;MASŁOWSKA Mirosława Jolanta;8431;1.92;T
41;1;PO;NITRAS Sławomir Witold;65776;14.99;T
41;2;PO;KOCHAN Magdalena Maria;17052;3.89;T
41;3;PO;LITWIŃSKI Arkadiusz;19827;4.52;T
41;4;PO;URBAN Cezary;8646;1.97;T
41;5;PO;MARCINKIEWICZ Michał Piotr;22073;5.03;T
41;7;PO;OŚWIĘCIMSKI Konstanty Tomasz;7975;1.82;T
41;9;PO;PREISS Sławomir Piotr;10153;2.31;T
41;14;PO;ZAREMBA Renata;10931;2.49;T
41;1;SLD;NAPIERALSKI Grzegorz Bernard;29585;6.74;T
41;3;SLD;ARŁUKOWICZ Bartosz Adam;21543;4.91;T
